source_path,experiment_id,base_experiment_id,loadout_id,blind_tier,difficulty,market_profile,resolved_market_profile,run_modifier,sim_boss_constraint_id,sim_economy_mode,sim_market_budget_mode,sim_market_spend_mode,sim_price_band_mode,sim_market_choice_mode,station_path_length,tier_path_length,difficulty_multiplier,target_multiplier,small_target_multiplier,big_target_multiplier,boss_target_multiplier,s1_boss_target_multiplier,s2_boss_target_multiplier,s3_boss_target_multiplier,reward_multiplier,sweep_reward_scale,sweep_price_scale,has_market_profile,market_profile_version,path_clear_rate,heuristic_failure_counts,heuristic_stop_reason_counts
analysis/leveling/data/raw/prototype_stability_submission_r120_summary.json,,base_score_curve_v2_boss_constraint_pool_v4_s1_soft_v2_late_guard_v1_s1_resource_weighted_boss_v3_late_boss_068,progression_route_balanced,path,standard,none,none,basic,,trace_only,none,none,none,none,8,3,1.0,1.0,1.0,1.0,1.0,1.0,1.0,1.0,1.0,1.0,1.0,0,0,0.45,"{""S2 small"":3,""S5 boss"":7,""S7 small"":1,""S1 boss"":5,""S5 big"":2,""S3 boss"":1,""S8 big"":3,""S8 boss"":5,""S1 small"":3,""S1 big"":6,""S4 small"":2,""S4 boss"":10,""S3 big"":4,""S2 big"":1,""S2 boss"":1,""S7 boss"":2,""S6 big"":2,""S4 big"":5,""S5 small"":2,""S6 small"":1}","{""boardFullAfterDcExhausted"":46,""drawPileExhausted"":20}"
analysis/leveling/data/raw/prototype_stability_submission_r120_summary.json,,base_score_curve_v2_boss_constraint_pool_v4_s1_soft_v2_late_guard_v1_s1_resource_weighted_boss_v3_late_boss_068,progression_route_power,path,standard,none,none,basic,,trace_only,none,none,none,none,8,3,1.0,1.0,1.0,1.0,1.0,1.0,1.0,1.0,1.0,1.0,1.0,0,0,0.6333333333333333,"{""S7 boss"":2,""S4 boss"":4,""S1 big"":3,""S8 big"":3,""S6 small"":1,""S3 boss"":1,""S2 boss"":2,""S2 big"":2,""S8 boss"":9,""S4 big"":2,""S1 boss"":2,""S3 small"":1,""S6 boss"":2,""S2 small"":2,""S3 big"":3,""S7 big"":3,""S1 small"":1,""S8 small"":1}","{""drawPileExhausted"":10,""drawPileExhausted,boardFullAfterDcExhausted"":1,""boardFullAfterDcExhausted"":33}"
analysis/leveling/data/raw/prototype_stability_submission_r120_summary.json,,base_score_curve_v2_boss_constraint_pool_v4_s1_soft_v2_late_guard_v1_s1_resource_weighted_boss_v3_late_boss_068,progression_route_balanced,path,standard,shop_slot_market_v9,shop_slot_market_v9,basic,,trace_only,none,none,none,none,8,3,1.0,1.0,1.0,1.0,1.0,1.0,1.0,1.0,1.0,1.0,1.0,1,9,0.65,"{""S4 small"":1,""S1 boss"":5,""S6 big"":2,""S1 small"":4,""S4 boss"":3,""S2 boss"":4,""S7 boss"":2,""S8 small"":1,""S8 big"":3,""S8 boss"":4,""S5 boss"":2,""S4 big"":3,""S5 big"":2,""S3 boss"":1,""S2 small"":1,""S5 small"":2,""S6 boss"":2}","{""boardFullAfterDcExhausted"":28,""drawPileExhausted"":12,""drawPileExhausted,boardFullAfterDcExhausted"":2}"
analysis/leveling/data/raw/prototype_stability_submission_r120_summary.json,,base_score_curve_v2_boss_constraint_pool_v4_s1_soft_v2_late_guard_v1_s1_resource_weighted_boss_v3_late_boss_068,progression_route_power,path,standard,shop_slot_market_v9,shop_slot_market_v9,basic,,trace_only,none,none,none,none,8,3,1.0,1.0,1.0,1.0,1.0,1.0,1.0,1.0,1.0,1.0,1.0,1,9,0.6583333333333333,"{""S1 big"":3,""S2 boss"":1,""S3 boss"":4,""S3 big"":1,""S6 small"":1,""S8 big"":4,""S1 boss"":6,""S4 small"":1,""S8 boss"":5,""S2 big"":1,""S8 small"":2,""S1 small"":3,""S2 small"":1,""S3 small"":2,""S4 boss"":2,""S7 boss"":1,""S6 big"":2,""S5 small"":1}","{""boardFullAfterDcExhausted"":33,""drawPileExhausted"":8}"
analysis/leveling/data/raw/run_modifier_high_stakes_market_pressure_effective_t104_r800_summary.json,,,progression_route_balanced,path,standard,none,none,high_stakes,,trace_only,none,none,none,none,8,3,1.0,1.04,1.0,1.0,1.0,1.0,1.0,1.0,1.12,1.0,1.0,0,0,0.4875,"{""S3 boss"":18,""S8 boss"":63,""S4 big"":22,""S5 boss"":39,""S4 boss"":45,""S1 small"":10,""S1 boss"":41,""S7 boss"":17,""S2 boss"":16,""S4 small"":7,""S1 big"":23,""S7 small"":5,""S2 big"":9,""S3 big"":12,""S6 boss"":3,""S8 big"":19,""S8 small"":9,""S6 small"":3,""S3 small"":12,""S5 big"":17,""S5 small"":6,""S7 big"":4,""S6 big"":4,""S2 small"":6}","{""drawPileExhausted"":195,""boardFullAfterDcExhausted"":211,""drawPileExhausted,boardFullAfterDcExhausted"":4}"
analysis/leveling/data/raw/run_modifier_high_stakes_market_pressure_effective_t104_r800_summary.json,,,progression_route_power,path,standard,none,none,high_stakes,,trace_only,none,none,none,none,8,3,1.0,1.04,1.0,1.0,1.0,1.0,1.0,1.0,1.12,1.0,1.0,0,0,0.5775,"{""S8 boss"":61,""S5 big"":3,""S3 small"":11,""S2 boss"":15,""S1 boss"":42,""S3 boss"":30,""S7 boss"":19,""S3 big"":14,""S8 big"":24,""S1 big"":27,""S5 boss"":2,""S2 big"":10,""S8 small"":5,""S7 big"":10,""S4 boss"":18,""S4 small"":7,""S5 small"":4,""S1 small"":11,""S6 boss"":1,""S7 small"":4,""S2 small"":4,""S6 small"":2,""S4 big"":8,""S6 big"":6}","{""drawPileExhausted"":139,""boardFullAfterDcExhausted"":194,""drawPileExhausted,boardFullAfterDcExhausted"":5}"
analysis/leveling/data/raw/run_modifier_high_stakes_market_pressure_effective_t104_r800_summary.json,,,progression_route_balanced,path,standard,shop_slot_market_v9,shop_slot_market_v9,high_stakes,,trace_only,none,none,none,none,8,3,1.0,1.04,1.0,1.0,1.0,1.0,1.0,1.0,1.12,1.0,1.0,1,9,0.54125,"{""S5 small"":11,""S2 boss"":12,""S8 big"":25,""S8 boss"":56,""S5 boss"":31,""S4 big"":13,""S4 boss"":45,""S1 boss"":41,""S5 big"":10,""S3 boss"":13,""S7 big"":3,""S8 small"":7,""S1 small"":15,""S2 small"":5,""S2 big"":9,""S1 big"":23,""S6 big"":7,""S4 small"":10,""S3 big"":10,""S7 small"":3,""S7 boss"":6,""S6 boss"":4,""S3 small"":7,""S6 small"":1}","{""boardFullAfterDcExhausted"":201,""drawPileExhausted"":158,""drawPileExhausted,boardFullAfterDcExhausted"":8}"
analysis/leveling/data/raw/run_modifier_high_stakes_market_pressure_effective_t104_r800_summary.json,,,progression_route_power,path,standard,shop_slot_market_v9,shop_slot_market_v9,high_stakes,,trace_only,none,none,none,none,8,3,1.0,1.04,1.0,1.0,1.0,1.0,1.0,1.0,1.12,1.0,1.0,1,9,0.6125,"{""S8 boss"":55,""S1 small"":15,""S3 small"":7,""S3 boss"":17,""S7 boss"":21,""S7 small"":6,""S1 big"":27,""S1 boss"":35,""S2 big"":7,""S2 small"":4,""S7 big"":13,""S4 boss"":12,""S8 big"":31,""S6 boss"":9,""S6 big"":6,""S4 small"":4,""S6 small"":2,""S2 boss"":11,""S3 big"":6,""S8 small"":5,""S4 big"":11,""S5 boss"":4,""S5 big"":1,""S5 small"":1}","{""drawPileExhausted"":110,""boardFullAfterDcExhausted"":196,""drawPileExhausted,boardFullAfterDcExhausted"":4}"
analysis/leveling/data/raw/run_modifier_candidate_fair_t104_r112_r400_summary.json,,,progression_route_balanced,path,standard,none,none,basic,,trace_only,none,none,none,none,8,3,1.0,1.0,1.0,1.0,1.0,1.0,1.0,1.0,1.0,1.0,1.0,0,0,0.555,"{""S1 boss"":11,""S1 small"":4,""S8 big"":11,""S2 boss"":12,""S3 boss"":9,""S4 boss"":20,""S1 big"":13,""S7 boss"":6,""S3 small"":5,""S8 boss"":26,""S3 big"":8,""S8 small"":2,""S5 boss"":19,""S5 small"":1,""S4 big"":10,""S2 big"":1,""S5 big"":7,""S2 small"":5,""S6 small"":1,""S6 boss"":1,""S4 small"":3,""S7 small"":1,""S7 big"":2}","{""drawPileExhausted"":77,""boardFullAfterDcExhausted"":97,""drawPileExhausted,boardFullAfterDcExhausted"":4}"
analysis/leveling/data/raw/run_modifier_candidate_fair_t104_r112_r400_summary.json,,,progression_route_power,path,standard,none,none,basic,,trace_only,none,none,none,none,8,3,1.0,1.0,1.0,1.0,1.0,1.0,1.0,1.0,1.0,1.0,1.0,0,0,0.535,"{""S8 boss"":38,""S4 boss"":8,""S1 big"":7,""S1 boss"":24,""S4 big"":6,""S7 big"":11,""S8 big"":16,""S8 small"":2,""S1 small"":14,""S2 big"":12,""S2 small"":5,""S3 boss"":5,""S3 big"":6,""S6 boss"":4,""S2 boss"":8,""S6 small"":1,""S6 big"":3,""S5 boss"":2,""S5 small"":3,""S7 boss"":7,""S3 small"":1,""S5 big"":1,""S4 small"":1,""S7 small"":1}","{""drawPileExhausted"":66,""boardFullAfterDcExhausted"":117,""drawPileExhausted,boardFullAfterDcExhausted"":3}"
analysis/leveling/data/raw/run_modifier_candidate_fair_t104_r112_r400_summary.json,,,progression_route_balanced,path,standard,shop_slot_market_v9,shop_slot_market_v9,basic,,trace_only,none,none,none,none,8,3,1.0,1.0,1.0,1.0,1.0,1.0,1.0,1.0,1.0,1.0,1.0,1,9,0.495,"{""S4 boss"":19,""S2 big"":3,""S8 big"":12,""S5 boss"":24,""S2 small"":2,""S8 boss"":26,""S5 big"":7,""S4 big"":16,""S1 small"":7,""S1 big"":13,""S3 boss"":17,""S3 small"":4,""S1 boss"":19,""S7 big"":3,""S7 small"":3,""S7 boss"":2,""S8 small"":1,""S3 big"":9,""S2 boss"":3,""S4 small"":5,""S5 small"":3,""S6 big"":2,""S6 boss"":2}","{""drawPileExhausted"":84,""boardFullAfterDcExhausted"":115,""drawPileExhausted,boardFullAfterDcExhausted"":3}"
analysis/leveling/data/raw/run_modifier_candidate_fair_t104_r112_r400_summary.json,,,progression_route_power,path,standard,shop_slot_market_v9,shop_slot_market_v9,basic,,trace_only,none,none,none,none,8,3,1.0,1.0,1.0,1.0,1.0,1.0,1.0,1.0,1.0,1.0,1.0,1,9,0.6375,"{""S2 big"":6,""S8 big"":9,""S4 boss"":7,""S4 small"":1,""S8 boss"":36,""S1 big"":12,""S3 boss"":9,""S4 big"":5,""S7 boss"":8,""S1 boss"":20,""S1 small"":3,""S7 small"":1,""S2 boss"":9,""S6 boss"":3,""S6 big"":6,""S2 small"":4,""S7 big"":3,""S5 big"":1,""S3 small"":1,""S3 big"":1}","{""boardFullAfterDcExhausted"":83,""drawPileExhausted"":60,""drawPileExhausted,boardFullAfterDcExhausted"":2}"
analysis/leveling/data/raw/run_modifier_pressure_market_probe_t104_r112_v9_v10_r400_summary.json,,,progression_route_balanced,path,standard,none,none,basic,,trace_only,none,none,none,none,8,3,1.0,1.0,1.0,1.0,1.0,1.0,1.0,1.0,1.0,1.0,1.0,0,0,0.5175,"{""S8 boss"":31,""S3 big"":8,""S1 big"":9,""S8 big"":9,""S2 boss"":13,""S4 boss"":23,""S4 big"":11,""S2 small"":4,""S5 big"":5,""S6 small"":1,""S5 boss"":25,""S3 small"":7,""S6 boss"":1,""S7 boss"":6,""S4 small"":5,""S1 boss"":16,""S1 small"":4,""S3 boss"":8,""S7 small"":1,""S8 small"":2,""S7 big"":3,""S2 big"":1}","{""drawPileExhausted"":86,""boardFullAfterDcExhausted"":102,""drawPileExhausted,boardFullAfterDcExhausted"":5}"
analysis/leveling/data/raw/run_modifier_pressure_market_probe_t104_r112_v9_v10_r400_summary.json,,,progression_route_power,path,standard,none,none,basic,,trace_only,none,none,none,none,8,3,1.0,1.0,1.0,1.0,1.0,1.0,1.0,1.0,1.0,1.0,1.0,0,0,0.56,"{""S2 boss"":8,""S6 small"":1,""S3 big"":4,""S8 boss"":33,""S1 boss"":18,""S2 small"":6,""S3 boss"":3,""S8 big"":17,""S6 boss"":3,""S6 big"":3,""S5 boss"":2,""S5 small"":3,""S4 boss"":7,""S2 big"":11,""S7 big"":8,""S7 boss"":8,""S8 small"":1,""S3 small"":3,""S1 big"":12,""S1 small"":11,""S4 big"":5,""S5 big"":1,""S4 small"":3,""S7 small"":5}","{""boardFullAfterDcExhausted"":112,""drawPileExhausted"":60,""drawPileExhausted,boardFullAfterDcExhausted"":4}"
analysis/leveling/data/raw/run_modifier_pressure_market_probe_t104_r112_v9_v10_r400_summary.json,,,progression_route_balanced,path,standard,shop_slot_market_v9,shop_slot_market_v9,basic,,trace_only,none,none,none,none,8,3,1.0,1.0,1.0,1.0,1.0,1.0,1.0,1.0,1.0,1.0,1.0,1,9,0.5125,"{""S1 big"":9,""S1 small"":8,""S8 boss"":25,""S4 boss"":18,""S1 boss"":20,""S2 boss"":4,""S4 small"":6,""S5 boss"":23,""S3 small"":3,""S3 boss"":19,""S7 boss"":1,""S3 big"":10,""S5 small"":4,""S6 big"":2,""S7 big"":2,""S5 big"":8,""S8 big"":8,""S4 big"":16,""S7 small"":3,""S6 boss"":3,""S2 small"":2,""S8 small"":1}","{""boardFullAfterDcExhausted"":112,""drawPileExhausted"":80,""drawPileExhausted,boardFullAfterDcExhausted"":3}"
analysis/leveling/data/raw/run_modifier_pressure_market_probe_t104_r112_v9_v10_r400_summary.json,,,progression_route_power,path,standard,shop_slot_market_v9,shop_slot_market_v9,basic,,trace_only,none,none,none,none,8,3,1.0,1.0,1.0,1.0,1.0,1.0,1.0,1.0,1.0,1.0,1.0,1,9,0.62,"{""S6 big"":7,""S1 big"":9,""S8 boss"":35,""S3 boss"":11,""S7 boss"":12,""S1 boss"":20,""S2 boss"":9,""S2 small"":4,""S1 small"":5,""S2 big"":6,""S6 boss"":2,""S4 boss"":5,""S8 big"":12,""S7 big"":4,""S5 big"":1,""S3 small"":1,""S4 big"":6,""S3 big"":2,""S8 small"":1}","{""boardFullAfterDcExhausted"":84,""drawPileExhausted"":65,""drawPileExhausted,boardFullAfterDcExhausted"":3}"
analysis/leveling/data/raw/run_modifier_pressure_market_probe_t104_r112_v9_v10_r400_summary.json,,,progression_route_balanced,path,standard,shop_slot_market_v10,shop_slot_market_v10,basic,,trace_only,none,none,none,none,8,3,1.0,1.0,1.0,1.0,1.0,1.0,1.0,1.0,1.0,1.0,1.0,1,10,0.5425,"{""S1 boss"":23,""S2 big"":3,""S8 boss"":22,""S3 boss"":11,""S8 big"":13,""S3 big"":5,""S5 big"":7,""S5 boss"":16,""S4 big"":6,""S2 boss"":5,""S4 boss"":21,""S6 boss"":3,""S7 big"":5,""S8 small"":3,""S3 small"":6,""S2 small"":4,""S1 big"":8,""S5 small"":4,""S7 small"":2,""S1 small"":5,""S7 boss"":5,""S6 big"":2,""S4 small"":3,""S6 small"":1}","{""drawPileExhausted"":88,""boardFullAfterDcExhausted"":93,""drawPileExhausted,boardFullAfterDcExhausted"":2}"
analysis/leveling/data/raw/run_modifier_pressure_market_probe_t104_r112_v9_v10_r400_summary.json,,,progression_route_power,path,standard,shop_slot_market_v10,shop_slot_market_v10,basic,,trace_only,none,none,none,none,8,3,1.0,1.0,1.0,1.0,1.0,1.0,1.0,1.0,1.0,1.0,1.0,1,10,0.6575,"{""S8 boss"":33,""S4 boss"":7,""S7 big"":5,""S4 big"":2,""S1 small"":9,""S5 boss"":3,""S7 boss"":11,""S1 boss"":14,""S2 small"":9,""S4 small"":5,""S6 boss"":2,""S8 big"":7,""S6 big"":2,""S1 big"":8,""S8 small"":6,""S3 big"":4,""S3 boss"":2,""S2 boss"":5,""S7 small"":1,""S2 big"":2}","{""drawPileExhausted"":54,""boardFullAfterDcExhausted"":82,""drawPileExhausted,boardFullAfterDcExhausted"":1}"
analysis/leveling/data/raw/station_curve_growth_gate_probe_r120_summary.json,,,baseline,path,standard,none,none,basic,,trace_only,none,none,none,none,8,3,1.0,1.0,1.0,1.0,1.0,1.0,1.0,1.0,1.0,1.0,1.0,0,0,0.0,"{""S2 small"":34,""S2 big"":34,""S1 big"":6,""S2 boss"":21,""S1 boss"":19,""S3 small"":4,""S1 small"":1,""S3 big"":1}","{""drawPileExhausted"":112,""boardFullAfterDcExhausted"":8}"
analysis/leveling/data/raw/station_curve_growth_gate_probe_r120_summary.json,,,progression_route_balanced,path,standard,none,none,basic,,trace_only,none,none,none,none,8,3,1.0,1.0,1.0,1.0,1.0,1.0,1.0,1.0,1.0,1.0,1.0,0,0,0.5416666666666666,"{""S8 boss"":5,""S3 small"":3,""S4 boss"":9,""S4 small"":1,""S8 big"":2,""S3 boss"":4,""S1 big"":3,""S1 boss"":8,""S7 boss"":2,""S5 boss"":6,""S1 small"":2,""S6 boss"":2,""S6 small"":1,""S5 big"":1,""S3 big"":1,""S7 small"":1,""S2 boss"":1,""S4 big"":3}","{""drawPileExhausted"":23,""boardFullAfterDcExhausted"":32}"
analysis/leveling/data/raw/station_curve_growth_gate_probe_r120_summary.json,,,progression_route_power,path,standard,none,none,basic,,trace_only,none,none,none,none,8,3,1.0,1.0,1.0,1.0,1.0,1.0,1.0,1.0,1.0,1.0,1.0,0,0,0.5916666666666667,"{""S1 small"":3,""S7 boss"":4,""S8 boss"":5,""S3 boss"":2,""S1 big"":6,""S8 big"":6,""S1 boss"":8,""S7 small"":1,""S5 boss"":1,""S5 small"":1,""S4 boss"":2,""S4 small"":1,""S2 boss"":4,""S3 small"":2,""S4 big"":1,""S6 big"":1,""S7 big"":1}","{""boardFullAfterDcExhausted"":37,""drawPileExhausted"":12}"
analysis/leveling/data/raw/station_curve_growth_gate_probe_r120_summary.json,,,baseline,path,standard,shop_slot_market_v9,shop_slot_market_v9,basic,,trace_only,none,none,none,none,8,3,1.0,1.0,1.0,1.0,1.0,1.0,1.0,1.0,1.0,1.0,1.0,1,9,0.0,"{""S1 boss"":21,""S1 big"":9,""S2 boss"":33,""S2 small"":16,""S2 big"":25,""S3 small"":5,""S3 big"":5,""S1 small"":6}","{""boardFullAfterDcExhausted"":26,""drawPileExhausted"":93,""drawPileExhausted,boardFullAfterDcExhausted"":1}"
analysis/leveling/data/raw/station_curve_growth_gate_probe_r120_summary.json,,,progression_route_balanced,path,standard,shop_slot_market_v9,shop_slot_market_v9,basic,,trace_only,none,none,none,none,8,3,1.0,1.0,1.0,1.0,1.0,1.0,1.0,1.0,1.0,1.0,1.0,1,9,0.55,"{""S4 big"":2,""S1 big"":4,""S5 boss"":6,""S3 small"":2,""S3 boss"":2,""S4 boss"":9,""S1 boss"":3,""S4 small"":2,""S8 small"":3,""S8 big"":1,""S8 boss"":10,""S6 boss"":2,""S2 boss"":3,""S7 boss"":1,""S5 big"":2,""S3 big"":2}","{""boardFullAfterDcExhausted"":30,""drawPileExhausted"":24}"
analysis/leveling/data/raw/station_curve_growth_gate_probe_r120_summary.json,,,progression_route_power,path,standard,shop_slot_market_v9,shop_slot_market_v9,basic,,trace_only,none,none,none,none,8,3,1.0,1.0,1.0,1.0,1.0,1.0,1.0,1.0,1.0,1.0,1.0,1,9,0.6416666666666667,"{""S1 small"":3,""S7 small"":2,""S8 big"":2,""S1 big"":3,""S4 boss"":2,""S1 boss"":6,""S7 boss"":4,""S8 boss"":6,""S8 small"":3,""S6 boss"":1,""S6 small"":1,""S5 small"":1,""S7 big"":2,""S4 big"":1,""S4 small"":1,""S2 boss"":1,""S5 boss"":1,""S3 big"":1,""S6 big"":1,""S3 boss"":1}","{""boardFullAfterDcExhausted"":30,""drawPileExhausted"":13}"
logs/sim/economy_choice_affordable_v1_r120_summary.json,,base_score_curve_v2_boss_constraint_pool_v4_s1_soft_v2_late_guard_v1_s1_resource_weighted_boss_v3_late_boss_068,progression_route_balanced,path,standard,none,none,,,gated_known_cost,none,reroll_slot_sell_v1,none,affordable_alternative_v1,8,3,1.0,1.0,1.0,1.0,1.0,1.0,1.0,1.0,1.0,0.4,2.4,0,0,0.525,"{""S8 boss"":7,""S5 boss"":9,""S5 big"":1,""S4 big"":5,""S1 small"":4,""S8 big"":4,""S3 big"":4,""S3 boss"":4,""S4 boss"":7,""S7 big"":1,""S3 small"":3,""S4 small"":1,""S8 small"":2,""S1 boss"":1,""S7 boss"":1,""S2 boss"":1,""S2 big"":1,""S1 big"":1}","{""drawPileExhausted"":22,""boardFullAfterDcExhausted"":35}"
logs/sim/economy_choice_affordable_v1_r120_summary.json,,base_score_curve_v2_boss_constraint_pool_v4_s1_soft_v2_late_guard_v1_s1_resource_weighted_boss_v3_late_boss_068,progression_route_power,path,standard,none,none,,,gated_known_cost,none,reroll_slot_sell_v1,none,affordable_alternative_v1,8,3,1.0,1.0,1.0,1.0,1.0,1.0,1.0,1.0,1.0,0.4,2.4,0,0,0.6333333333333333,"{""S6 small"":1,""S1 boss"":4,""S7 boss"":4,""S8 boss"":9,""S7 big"":1,""S3 boss"":4,""S5 boss"":2,""S1 small"":4,""S2 big"":1,""S8 big"":1,""S8 small"":3,""S1 big"":2,""S2 boss"":2,""S3 big"":1,""S2 small"":1,""S6 boss"":2,""S4 big"":1,""S3 small"":1}","{""boardFullAfterDcExhausted"":27,""drawPileExhausted"":16,""drawPileExhausted,boardFullAfterDcExhausted"":1}"
logs/sim/economy_choice_affordable_v1_r120_summary.json,,base_score_curve_v2_boss_constraint_pool_v4_s1_soft_v2_late_guard_v1_s1_resource_weighted_boss_v3_late_boss_068,progression_route_balanced,path,standard,shop_slot_market_v9,shop_slot_market_v9,,,gated_known_cost,none,reroll_slot_sell_v1,none,affordable_alternative_v1,8,3,1.0,1.0,1.0,1.0,1.0,1.0,1.0,1.0,1.0,0.4,2.4,1,9,0.7,"{""S8 big"":4,""S7 small"":1,""S5 boss"":3,""S4 small"":1,""S4 big"":1,""S6 big"":2,""S1 big"":2,""S1 small"":3,""S3 boss"":3,""S1 boss"":2,""S8 boss"":4,""S6 small"":1,""S5 small"":1,""S4 boss"":2,""S2 small"":1,""S3 big"":2,""S7 boss"":1,""S7 big"":1,""S2 big"":1}","{""drawPileExhausted"":13,""boardFullAfterDcExhausted"":23}"
logs/sim/economy_choice_affordable_v1_r120_summary.json,,base_score_curve_v2_boss_constraint_pool_v4_s1_soft_v2_late_guard_v1_s1_resource_weighted_boss_v3_late_boss_068,progression_route_power,path,standard,shop_slot_market_v9,shop_slot_market_v9,,,gated_known_cost,none,reroll_slot_sell_v1,none,affordable_alternative_v1,8,3,1.0,1.0,1.0,1.0,1.0,1.0,1.0,1.0,1.0,0.4,2.4,1,9,0.675,"{""S7 big"":2,""S1 small"":5,""S8 boss"":9,""S4 big"":3,""S3 big"":2,""S1 big"":1,""S7 small"":1,""S7 boss"":3,""S3 boss"":3,""S3 small"":2,""S6 big"":1,""S2 small"":1,""S4 boss"":2,""S2 boss"":3,""S5 small"":1}","{""boardFullAfterDcExhausted"":28,""drawPileExhausted"":11}"
logs/sim/economy_choice_reward038_price240_v1_r120_summary.json,,base_score_curve_v2_boss_constraint_pool_v4_s1_soft_v2_late_guard_v1_s1_resource_weighted_boss_v3_late_boss_068,progression_route_balanced,path,standard,none,none,,,gated_known_cost,none,reroll_slot_sell_v1,none,affordable_alternative_v1,8,3,1.0,1.0,1.0,1.0,1.0,1.0,1.0,1.0,1.0,0.38,2.4,0,0,0.5416666666666666,"{""S2 big"":3,""S7 boss"":1,""S5 boss"":3,""S2 boss"":3,""S8 boss"":11,""S1 boss"":2,""S1 small"":2,""S6 boss"":2,""S4 boss"":6,""S5 big"":3,""S6 small"":1,""S7 small"":1,""S4 big"":2,""S8 small"":1,""S3 boss"":3,""S8 big"":2,""S3 big"":3,""S4 small"":1,""S2 small"":2,""S1 big"":1,""S7 big"":1,""S3 small"":1}","{""boardFullAfterDcExhausted"":31,""drawPileExhausted"":22,""drawPileExhausted,boardFullAfterDcExhausted"":2}"
logs/sim/economy_choice_reward038_price240_v1_r120_summary.json,,base_score_curve_v2_boss_constraint_pool_v4_s1_soft_v2_late_guard_v1_s1_resource_weighted_boss_v3_late_boss_068,progression_route_power,path,standard,none,none,,,gated_known_cost,none,reroll_slot_sell_v1,none,affordable_alternative_v1,8,3,1.0,1.0,1.0,1.0,1.0,1.0,1.0,1.0,1.0,0.38,2.4,0,0,0.6333333333333333,"{""S8 boss"":8,""S1 boss"":6,""S1 big"":3,""S7 boss"":5,""S4 boss"":3,""S3 boss"":4,""S4 big"":2,""S8 small"":2,""S3 small"":1,""S8 big"":2,""S2 boss"":1,""S2 small"":1,""S2 big"":4,""S6 small"":1,""S3 big"":1}","{""drawPileExhausted"":14,""boardFullAfterDcExhausted"":30}"
logs/sim/economy_choice_reward038_price240_v1_r120_summary.json,,base_score_curve_v2_boss_constraint_pool_v4_s1_soft_v2_late_guard_v1_s1_resource_weighted_boss_v3_late_boss_068,progression_route_balanced,path,standard,shop_slot_market_v9,shop_slot_market_v9,,,gated_known_cost,none,reroll_slot_sell_v1,none,affordable_alternative_v1,8,3,1.0,1.0,1.0,1.0,1.0,1.0,1.0,1.0,1.0,0.38,2.4,1,9,0.65,"{""S8 big"":2,""S1 boss"":5,""S2 boss"":2,""S4 small"":2,""S2 small"":1,""S7 boss"":3,""S5 boss"":5,""S4 boss"":4,""S3 boss"":2,""S8 boss"":7,""S4 big"":1,""S2 big"":2,""S1 big"":1,""S3 big"":1,""S7 big"":2,""S5 big"":1,""S5 small"":1}","{""boardFullAfterDcExhausted"":25,""drawPileExhausted"":17}"
logs/sim/economy_choice_reward038_price240_v1_r120_summary.json,,base_score_curve_v2_boss_constraint_pool_v4_s1_soft_v2_late_guard_v1_s1_resource_weighted_boss_v3_late_boss_068,progression_route_power,path,standard,shop_slot_market_v9,shop_slot_market_v9,,,gated_known_cost,none,reroll_slot_sell_v1,none,affordable_alternative_v1,8,3,1.0,1.0,1.0,1.0,1.0,1.0,1.0,1.0,1.0,0.38,2.4,1,9,0.675,"{""S8 boss"":5,""S3 big"":4,""S1 boss"":6,""S3 boss"":3,""S1 big"":5,""S4 big"":2,""S1 small"":3,""S8 small"":1,""S2 big"":3,""S6 boss"":1,""S3 small"":1,""S8 big"":2,""S2 boss"":1,""S5 big"":1,""S7 boss"":1}","{""drawPileExhausted"":8,""boardFullAfterDcExhausted"":31}"
logs/sim/economy_choice_reward039_price240_v1_r120_summary.json,,base_score_curve_v2_boss_constraint_pool_v4_s1_soft_v2_late_guard_v1_s1_resource_weighted_boss_v3_late_boss_068,progression_route_balanced,path,standard,none,none,,,gated_known_cost,none,reroll_slot_sell_v1,none,affordable_alternative_v1,8,3,1.0,1.0,1.0,1.0,1.0,1.0,1.0,1.0,1.0,0.39,2.4,0,0,0.5583333333333333,"{""S8 boss"":10,""S3 small"":1,""S4 boss"":9,""S1 boss"":5,""S6 boss"":1,""S5 big"":1,""S5 boss"":3,""S3 boss"":3,""S7 big"":1,""S7 boss"":3,""S2 big"":1,""S8 big"":3,""S5 small"":2,""S6 big"":1,""S2 boss"":2,""S3 big"":3,""S7 small"":1,""S1 small"":1,""S2 small"":2}","{""drawPileExhausted"":25,""boardFullAfterDcExhausted"":27,""drawPileExhausted,boardFullAfterDcExhausted"":1}"
logs/sim/economy_choice_reward039_price240_v1_r120_summary.json,,base_score_curve_v2_boss_constraint_pool_v4_s1_soft_v2_late_guard_v1_s1_resource_weighted_boss_v3_late_boss_068,progression_route_power,path,standard,none,none,,,gated_known_cost,none,reroll_slot_sell_v1,none,affordable_alternative_v1,8,3,1.0,1.0,1.0,1.0,1.0,1.0,1.0,1.0,1.0,0.39,2.4,0,0,0.6416666666666667,"{""S7 boss"":5,""S4 big"":1,""S8 boss"":8,""S2 big"":1,""S3 big"":3,""S8 big"":3,""S1 small"":3,""S7 big"":3,""S3 boss"":2,""S4 boss"":1,""S4 small"":1,""S1 boss"":3,""S2 boss"":1,""S8 small"":1,""S1 big"":4,""S6 boss"":1,""S2 small"":2}","{""boardFullAfterDcExhausted"":27,""drawPileExhausted"":16}"
logs/sim/economy_choice_reward039_price240_v1_r120_summary.json,,base_score_curve_v2_boss_constraint_pool_v4_s1_soft_v2_late_guard_v1_s1_resource_weighted_boss_v3_late_boss_068,progression_route_balanced,path,standard,shop_slot_market_v9,shop_slot_market_v9,,,gated_known_cost,none,reroll_slot_sell_v1,none,affordable_alternative_v1,8,3,1.0,1.0,1.0,1.0,1.0,1.0,1.0,1.0,1.0,0.39,2.4,1,9,0.6083333333333333,"{""S3 boss"":2,""S4 boss"":4,""S7 boss"":2,""S2 big"":1,""S5 boss"":6,""S2 boss"":2,""S8 boss"":7,""S8 small"":2,""S1 boss"":3,""S5 big"":3,""S4 big"":2,""S3 big"":1,""S8 big"":3,""S3 small"":2,""S2 small"":1,""S1 small"":1,""S6 boss"":2,""S7 small"":2,""S1 big"":1}","{""boardFullAfterDcExhausted"":34,""drawPileExhausted"":13}"
logs/sim/economy_choice_reward039_price240_v1_r120_summary.json,,base_score_curve_v2_boss_constraint_pool_v4_s1_soft_v2_late_guard_v1_s1_resource_weighted_boss_v3_late_boss_068,progression_route_power,path,standard,shop_slot_market_v9,shop_slot_market_v9,,,gated_known_cost,none,reroll_slot_sell_v1,none,affordable_alternative_v1,8,3,1.0,1.0,1.0,1.0,1.0,1.0,1.0,1.0,1.0,0.39,2.4,1,9,0.6666666666666666,"{""S1 boss"":6,""S1 big"":2,""S7 boss"":5,""S3 boss"":2,""S1 small"":4,""S2 big"":1,""S3 big"":3,""S2 small"":3,""S4 boss"":3,""S8 boss"":5,""S4 big"":1,""S3 small"":1,""S8 small"":2,""S2 boss"":2}","{""boardFullAfterDcExhausted"":30,""drawPileExhausted"":9,""drawPileExhausted,boardFullAfterDcExhausted"":1}"
logs/sim/economy_choice_reward036_price260_v1_r120_summary.json,,base_score_curve_v2_boss_constraint_pool_v4_s1_soft_v2_late_guard_v1_s1_resource_weighted_boss_v3_late_boss_068,progression_route_balanced,path,standard,none,none,,,gated_known_cost,none,reroll_slot_sell_v1,none,affordable_alternative_v1,8,3,1.0,1.0,1.0,1.0,1.0,1.0,1.0,1.0,1.0,0.36,2.6,0,0,0.575,"{""S1 boss"":10,""S8 small"":2,""S1 big"":4,""S7 big"":2,""S4 boss"":8,""S4 small"":3,""S5 big"":1,""S3 boss"":2,""S1 small"":1,""S6 boss"":1,""S2 boss"":2,""S4 big"":1,""S8 boss"":7,""S3 small"":2,""S5 boss"":2,""S2 big"":1,""S5 small"":2}","{""drawPileExhausted"":20,""boardFullAfterDcExhausted"":31}"
logs/sim/economy_choice_reward036_price260_v1_r120_summary.json,,base_score_curve_v2_boss_constraint_pool_v4_s1_soft_v2_late_guard_v1_s1_resource_weighted_boss_v3_late_boss_068,progression_route_power,path,standard,none,none,,,gated_known_cost,none,reroll_slot_sell_v1,none,affordable_alternative_v1,8,3,1.0,1.0,1.0,1.0,1.0,1.0,1.0,1.0,1.0,0.36,2.6,0,0,0.6833333333333333,"{""S2 boss"":1,""S1 boss"":5,""S8 boss"":9,""S6 big"":1,""S3 big"":2,""S4 small"":1,""S2 big"":3,""S4 big"":2,""S1 small"":1,""S5 boss"":1,""S7 small"":3,""S3 small"":2,""S7 boss"":2,""S8 big"":2,""S3 boss"":1,""S1 big"":1,""S7 big"":1}","{""boardFullAfterDcExhausted"":24,""drawPileExhausted"":13,""drawPileExhausted,boardFullAfterDcExhausted"":1}"
logs/sim/economy_choice_reward036_price260_v1_r120_summary.json,,base_score_curve_v2_boss_constraint_pool_v4_s1_soft_v2_late_guard_v1_s1_resource_weighted_boss_v3_late_boss_068,progression_route_balanced,path,standard,shop_slot_market_v9,shop_slot_market_v9,,,gated_known_cost,none,reroll_slot_sell_v1,none,affordable_alternative_v1,8,3,1.0,1.0,1.0,1.0,1.0,1.0,1.0,1.0,1.0,0.36,2.6,1,9,0.6416666666666667,"{""S2 boss"":4,""S3 boss"":4,""S1 boss"":2,""S3 big"":4,""S4 boss"":4,""S4 big"":3,""S2 big"":2,""S8 boss"":5,""S6 small"":1,""S7 big"":1,""S2 small"":2,""S5 small"":1,""S7 boss"":1,""S3 small"":1,""S1 small"":1,""S5 boss"":3,""S4 small"":2,""S1 big"":2}","{""boardFullAfterDcExhausted"":33,""drawPileExhausted,boardFullAfterDcExhausted"":1,""drawPileExhausted"":9}"
logs/sim/economy_choice_reward036_price260_v1_r120_summary.json,,base_score_curve_v2_boss_constraint_pool_v4_s1_soft_v2_late_guard_v1_s1_resource_weighted_boss_v3_late_boss_068,progression_route_power,path,standard,shop_slot_market_v9,shop_slot_market_v9,,,gated_known_cost,none,reroll_slot_sell_v1,none,affordable_alternative_v1,8,3,1.0,1.0,1.0,1.0,1.0,1.0,1.0,1.0,1.0,0.36,2.6,1,9,0.6666666666666666,"{""S4 big"":1,""S8 boss"":10,""S1 boss"":4,""S2 small"":1,""S8 big"":5,""S7 boss"":1,""S2 big"":3,""S3 big"":2,""S4 small"":1,""S7 big"":2,""S4 boss"":3,""S8 small"":1,""S3 boss"":2,""S1 big"":2,""S7 small"":1,""S2 boss"":1}","{""boardFullAfterDcExhausted"":27,""drawPileExhausted"":13}"
logs/sim/economy_choice_reward038_price260_v1_r120_summary.json,,base_score_curve_v2_boss_constraint_pool_v4_s1_soft_v2_late_guard_v1_s1_resource_weighted_boss_v3_late_boss_068,progression_route_balanced,path,standard,none,none,,,gated_known_cost,none,reroll_slot_sell_v1,none,affordable_alternative_v1,8,3,1.0,1.0,1.0,1.0,1.0,1.0,1.0,1.0,1.0,0.38,2.6,0,0,0.5083333333333333,"{""S8 boss"":8,""S1 big"":5,""S4 small"":2,""S3 small"":1,""S4 boss"":6,""S1 boss"":3,""S7 big"":3,""S2 big"":3,""S1 small"":3,""S7 small"":1,""S2 boss"":3,""S4 big"":3,""S5 small"":1,""S3 boss"":3,""S6 boss"":4,""S3 big"":1,""S5 boss"":5,""S6 big"":2,""S2 small"":1,""S8 big"":1}","{""drawPileExhausted"":22,""boardFullAfterDcExhausted"":37}"
logs/sim/economy_choice_reward038_price260_v1_r120_summary.json,,base_score_curve_v2_boss_constraint_pool_v4_s1_soft_v2_late_guard_v1_s1_resource_weighted_boss_v3_late_boss_068,progression_route_power,path,standard,none,none,,,gated_known_cost,none,reroll_slot_sell_v1,none,affordable_alternative_v1,8,3,1.0,1.0,1.0,1.0,1.0,1.0,1.0,1.0,1.0,0.38,2.6,0,0,0.6916666666666667,"{""S2 big"":2,""S7 small"":2,""S1 big"":2,""S7 big"":2,""S3 small"":2,""S7 boss"":2,""S2 boss"":2,""S2 small"":2,""S8 boss"":7,""S4 boss"":2,""S6 small"":1,""S8 big"":4,""S6 boss"":1,""S1 boss"":3,""S5 big"":1,""S8 small"":1,""S3 big"":1}","{""boardFullAfterDcExhausted"":24,""drawPileExhausted"":13}"
logs/sim/economy_choice_reward038_price260_v1_r120_summary.json,,base_score_curve_v2_boss_constraint_pool_v4_s1_soft_v2_late_guard_v1_s1_resource_weighted_boss_v3_late_boss_068,progression_route_balanced,path,standard,shop_slot_market_v9,shop_slot_market_v9,,,gated_known_cost,none,reroll_slot_sell_v1,none,affordable_alternative_v1,8,3,1.0,1.0,1.0,1.0,1.0,1.0,1.0,1.0,1.0,0.38,2.6,1,9,0.6583333333333333,"{""S4 small"":4,""S1 big"":4,""S8 boss"":5,""S5 boss"":1,""S2 boss"":2,""S4 boss"":5,""S1 boss"":4,""S3 small"":1,""S8 big"":4,""S4 big"":2,""S7 small"":1,""S3 big"":3,""S6 boss"":1,""S2 small"":1,""S5 big"":2,""S2 big"":1}","{""boardFullAfterDcExhausted"":25,""drawPileExhausted"":16}"
logs/sim/economy_choice_reward038_price260_v1_r120_summary.json,,base_score_curve_v2_boss_constraint_pool_v4_s1_soft_v2_late_guard_v1_s1_resource_weighted_boss_v3_late_boss_068,progression_route_power,path,standard,shop_slot_market_v9,shop_slot_market_v9,,,gated_known_cost,none,reroll_slot_sell_v1,none,affordable_alternative_v1,8,3,1.0,1.0,1.0,1.0,1.0,1.0,1.0,1.0,1.0,0.38,2.6,1,9,0.6833333333333333,"{""S8 big"":1,""S7 small"":2,""S2 boss"":3,""S1 big"":3,""S3 boss"":3,""S6 small"":2,""S8 boss"":3,""S1 boss"":6,""S5 boss"":3,""S2 big"":2,""S3 small"":2,""S4 big"":2,""S3 big"":1,""S4 small"":1,""S7 boss"":1,""S1 small"":1,""S8 small"":1,""S4 boss"":1}","{""boardFullAfterDcExhausted"":33,""drawPileExhausted"":5}"
logs/sim/post_lane_reroll_probe_r120_summary.json,,base_score_curve_v2_boss_constraint_pool_v4_s1_soft_v2_late_guard_v1_s1_resource_weighted_boss_v3_late_boss_068,progression_route_balanced,path,standard,none,none,basic,,gated_known_cost,none,reroll_slot_sell_v1,catalog_normalized_v1,affordable_alternative_v1,8,3,1.0,1.0,1.0,1.0,1.0,1.0,1.0,1.0,1.0,0.4,2.2,0,0,0.5666666666666667,"{""S2 boss"":2,""S4 boss"":4,""S3 boss"":7,""S8 boss"":5,""S4 small"":3,""S6 boss"":4,""S3 big"":1,""S5 boss"":6,""S1 big"":4,""S6 big"":2,""S2 big"":3,""S4 big"":3,""S2 small"":2,""S1 small"":2,""S7 big"":1,""S1 boss"":1,""S8 big"":1,""S7 boss"":1}","{""boardFullAfterDcExhausted"":34,""drawPileExhausted"":18}"
logs/sim/post_lane_reroll_probe_r120_summary.json,,base_score_curve_v2_boss_constraint_pool_v4_s1_soft_v2_late_guard_v1_s1_resource_weighted_boss_v3_late_boss_068,progression_route_power,path,standard,none,none,basic,,gated_known_cost,none,reroll_slot_sell_v1,catalog_normalized_v1,affordable_alternative_v1,8,3,1.0,1.0,1.0,1.0,1.0,1.0,1.0,1.0,1.0,0.4,2.2,0,0,0.7166666666666667,"{""S3 small"":1,""S8 boss"":9,""S8 big"":5,""S6 boss"":1,""S1 boss"":3,""S5 big"":1,""S2 small"":3,""S7 big"":1,""S8 small"":1,""S1 big"":1,""S4 boss"":1,""S7 boss"":1,""S3 big"":1,""S7 small"":1,""S2 big"":2,""S4 big"":1,""S2 boss"":1}","{""boardFullAfterDcExhausted"":23,""drawPileExhausted"":11}"
logs/sim/post_lane_reroll_probe_r120_summary.json,,base_score_curve_v2_boss_constraint_pool_v4_s1_soft_v2_late_guard_v1_s1_resource_weighted_boss_v3_late_boss_068,progression_route_balanced,path,standard,shop_slot_market_v9,shop_slot_market_v9,basic,,gated_known_cost,none,reroll_slot_sell_v1,catalog_normalized_v1,affordable_alternative_v1,8,3,1.0,1.0,1.0,1.0,1.0,1.0,1.0,1.0,1.0,0.4,2.2,1,9,0.625,"{""S8 big"":4,""S1 boss"":3,""S3 boss"":4,""S4 big"":6,""S7 small"":1,""S3 big"":2,""S3 small"":2,""S4 small"":2,""S8 boss"":6,""S5 boss"":2,""S2 small"":1,""S6 boss"":2,""S5 big"":1,""S7 big"":1,""S2 big"":2,""S4 boss"":2,""S2 boss"":1,""S1 small"":2,""S7 boss"":1}","{""boardFullAfterDcExhausted"":30,""drawPileExhausted"":14,""drawPileExhausted,boardFullAfterDcExhausted"":1}"
logs/sim/post_lane_reroll_probe_r120_summary.json,,base_score_curve_v2_boss_constraint_pool_v4_s1_soft_v2_late_guard_v1_s1_resource_weighted_boss_v3_late_boss_068,progression_route_power,path,standard,shop_slot_market_v9,shop_slot_market_v9,basic,,gated_known_cost,none,reroll_slot_sell_v1,catalog_normalized_v1,affordable_alternative_v1,8,3,1.0,1.0,1.0,1.0,1.0,1.0,1.0,1.0,1.0,0.4,2.2,1,9,0.6666666666666666,"{""S1 boss"":8,""S3 boss"":3,""S8 boss"":5,""S8 small"":1,""S2 big"":1,""S2 boss"":3,""S5 boss"":1,""S4 big"":1,""S3 big"":2,""S4 small"":1,""S6 small"":1,""S7 boss"":2,""S3 small"":1,""S1 small"":1,""S7 small"":1,""S4 boss"":1,""S1 big"":1,""S2 small"":1,""S8 big"":2,""S5 small"":1,""S5 big"":2}","{""boardFullAfterDcExhausted"":33,""drawPileExhausted"":7}"
logs/sim/prototype_stability_submission_r120_summary.json,,base_score_curve_v2_boss_constraint_pool_v4_s1_soft_v2_late_guard_v1_s1_resource_weighted_boss_v3_late_boss_068,progression_route_balanced,path,standard,none,none,basic,,trace_only,none,none,none,none,8,3,1.0,1.0,1.0,1.0,1.0,1.0,1.0,1.0,1.0,1.0,1.0,0,0,0.45,"{""S2 small"":3,""S5 boss"":7,""S7 small"":1,""S1 boss"":5,""S5 big"":2,""S3 boss"":1,""S8 big"":3,""S8 boss"":5,""S1 small"":3,""S1 big"":6,""S4 small"":2,""S4 boss"":10,""S3 big"":4,""S2 big"":1,""S2 boss"":1,""S7 boss"":2,""S6 big"":2,""S4 big"":5,""S5 small"":2,""S6 small"":1}","{""boardFullAfterDcExhausted"":46,""drawPileExhausted"":20}"
logs/sim/prototype_stability_submission_r120_summary.json,,base_score_curve_v2_boss_constraint_pool_v4_s1_soft_v2_late_guard_v1_s1_resource_weighted_boss_v3_late_boss_068,progression_route_power,path,standard,none,none,basic,,trace_only,none,none,none,none,8,3,1.0,1.0,1.0,1.0,1.0,1.0,1.0,1.0,1.0,1.0,1.0,0,0,0.6333333333333333,"{""S7 boss"":2,""S4 boss"":4,""S1 big"":3,""S8 big"":3,""S6 small"":1,""S3 boss"":1,""S2 boss"":2,""S2 big"":2,""S8 boss"":9,""S4 big"":2,""S1 boss"":2,""S3 small"":1,""S6 boss"":2,""S2 small"":2,""S3 big"":3,""S7 big"":3,""S1 small"":1,""S8 small"":1}","{""drawPileExhausted"":10,""drawPileExhausted,boardFullAfterDcExhausted"":1,""boardFullAfterDcExhausted"":33}"
logs/sim/prototype_stability_submission_r120_summary.json,,base_score_curve_v2_boss_constraint_pool_v4_s1_soft_v2_late_guard_v1_s1_resource_weighted_boss_v3_late_boss_068,progression_route_balanced,path,standard,shop_slot_market_v9,shop_slot_market_v9,basic,,trace_only,none,none,none,none,8,3,1.0,1.0,1.0,1.0,1.0,1.0,1.0,1.0,1.0,1.0,1.0,1,9,0.65,"{""S4 small"":1,""S1 boss"":5,""S6 big"":2,""S1 small"":4,""S4 boss"":3,""S2 boss"":4,""S7 boss"":2,""S8 small"":1,""S8 big"":3,""S8 boss"":4,""S5 boss"":2,""S4 big"":3,""S5 big"":2,""S3 boss"":1,""S2 small"":1,""S5 small"":2,""S6 boss"":2}","{""boardFullAfterDcExhausted"":28,""drawPileExhausted"":12,""drawPileExhausted,boardFullAfterDcExhausted"":2}"
logs/sim/prototype_stability_submission_r120_summary.json,,base_score_curve_v2_boss_constraint_pool_v4_s1_soft_v2_late_guard_v1_s1_resource_weighted_boss_v3_late_boss_068,progression_route_power,path,standard,shop_slot_market_v9,shop_slot_market_v9,basic,,trace_only,none,none,none,none,8,3,1.0,1.0,1.0,1.0,1.0,1.0,1.0,1.0,1.0,1.0,1.0,1,9,0.6583333333333333,"{""S1 big"":3,""S2 boss"":1,""S3 boss"":4,""S3 big"":1,""S6 small"":1,""S8 big"":4,""S1 boss"":6,""S4 small"":1,""S8 boss"":5,""S2 big"":1,""S8 small"":2,""S1 small"":3,""S2 small"":1,""S3 small"":2,""S4 boss"":2,""S7 boss"":1,""S6 big"":2,""S5 small"":1}","{""boardFullAfterDcExhausted"":33,""drawPileExhausted"":8}"
logs/sim/prototype_s1_easy_entry_v91_r240_summary.json,,base_score_curve_v2_boss_constraint_pool_v4_s1_soft_v2_late_guard_v1_s1_resource_weighted_boss_v3_late_boss_068,progression_route_balanced,path,standard,none,none,basic,,trace_only,none,none,none,none,1,3,1.0,1.0,1.0,1.0,1.0,1.0,1.0,1.0,1.0,1.0,1.0,0,0,0.9416666666666667,"{""S1 boss"":8,""S1 small"":3,""S1 big"":3}","{""boardFullAfterDcExhausted"":13,""drawPileExhausted"":1}"
logs/sim/prototype_s1_easy_entry_v91_r240_summary.json,,base_score_curve_v2_boss_constraint_pool_v4_s1_soft_v2_late_guard_v1_s1_resource_weighted_boss_v3_late_boss_068,progression_route_power,path,standard,none,none,basic,,trace_only,none,none,none,none,1,3,1.0,1.0,1.0,1.0,1.0,1.0,1.0,1.0,1.0,1.0,1.0,0,0,0.9416666666666667,"{""S1 big"":6,""S1 boss"":3,""S1 small"":5}","{""boardFullAfterDcExhausted"":13,""drawPileExhausted"":1}"
logs/sim/prototype_s1_easy_entry_v91_r240_summary.json,,base_score_curve_v2_boss_constraint_pool_v4_s1_soft_v2_late_guard_v1_s1_resource_weighted_boss_v3_late_boss_068,progression_route_balanced,path,standard,shop_slot_market_v9,shop_slot_market_v9,basic,,trace_only,none,none,none,none,1,3,1.0,1.0,1.0,1.0,1.0,1.0,1.0,1.0,1.0,1.0,1.0,1,9,0.9458333333333333,"{""S1 boss"":8,""S1 small"":4,""S1 big"":1}","{""boardFullAfterDcExhausted"":11,""drawPileExhausted"":2}"
logs/sim/prototype_s1_easy_entry_v91_r240_summary.json,,base_score_curve_v2_boss_constraint_pool_v4_s1_soft_v2_late_guard_v1_s1_resource_weighted_boss_v3_late_boss_068,progression_route_power,path,standard,shop_slot_market_v9,shop_slot_market_v9,basic,,trace_only,none,none,none,none,1,3,1.0,1.0,1.0,1.0,1.0,1.0,1.0,1.0,1.0,1.0,1.0,1,9,0.95,"{""S1 small"":3,""S1 boss"":4,""S1 big"":5}","{""boardFullAfterDcExhausted"":11,""drawPileExhausted"":1}"
logs/sim/prototype_stability_v91_r120_summary.json,,base_score_curve_v2_boss_constraint_pool_v4_s1_soft_v2_late_guard_v1_s1_resource_weighted_boss_v3_late_boss_068,progression_route_balanced,path,standard,none,none,basic,,trace_only,none,none,none,none,8,3,1.0,1.0,1.0,1.0,1.0,1.0,1.0,1.0,1.0,1.0,1.0,0,0,0.425,"{""S3 boss"":2,""S2 small"":3,""S5 boss"":7,""S7 small"":1,""S1 boss"":7,""S5 big"":2,""S8 big"":3,""S8 boss"":5,""S1 small"":3,""S1 big"":8,""S4 small"":2,""S4 boss"":9,""S3 big"":3,""S2 big"":1,""S2 boss"":1,""S7 boss"":2,""S6 big"":2,""S4 big"":5,""S5 small"":2,""S6 small"":1}","{""boardFullAfterDcExhausted"":48,""drawPileExhausted"":21}"
logs/sim/prototype_stability_v91_r120_summary.json,,base_score_curve_v2_boss_constraint_pool_v4_s1_soft_v2_late_guard_v1_s1_resource_weighted_boss_v3_late_boss_068,progression_route_power,path,standard,none,none,basic,,trace_only,none,none,none,none,8,3,1.0,1.0,1.0,1.0,1.0,1.0,1.0,1.0,1.0,1.0,1.0,0,0,0.625,"{""S7 boss"":3,""S4 boss"":3,""S1 big"":4,""S8 big"":3,""S6 small"":1,""S3 boss"":1,""S2 boss"":2,""S2 big"":2,""S8 boss"":9,""S4 big"":2,""S1 boss"":3,""S3 small"":1,""S6 boss"":2,""S2 small"":2,""S3 big"":3,""S7 big"":3,""S1 small"":1}","{""drawPileExhausted"":13,""drawPileExhausted,boardFullAfterDcExhausted"":1,""boardFullAfterDcExhausted"":31}"
logs/sim/prototype_stability_v91_r120_summary.json,,base_score_curve_v2_boss_constraint_pool_v4_s1_soft_v2_late_guard_v1_s1_resource_weighted_boss_v3_late_boss_068,progression_route_balanced,path,standard,shop_slot_market_v9,shop_slot_market_v9,basic,,trace_only,none,none,none,none,8,3,1.0,1.0,1.0,1.0,1.0,1.0,1.0,1.0,1.0,1.0,1.0,1,9,0.6166666666666667,"{""S4 small"":2,""S1 big"":2,""S1 boss"":7,""S6 big"":2,""S1 small"":4,""S4 boss"":2,""S2 boss"":4,""S7 boss"":2,""S8 small"":1,""S8 big"":3,""S8 boss"":4,""S5 boss"":2,""S4 big"":3,""S5 big"":2,""S3 boss"":1,""S2 small"":1,""S5 small"":2,""S6 boss"":2}","{""boardFullAfterDcExhausted"":30,""drawPileExhausted"":14,""drawPileExhausted,boardFullAfterDcExhausted"":2}"
logs/sim/prototype_stability_v91_r120_summary.json,,base_score_curve_v2_boss_constraint_pool_v4_s1_soft_v2_late_guard_v1_s1_resource_weighted_boss_v3_late_boss_068,progression_route_power,path,standard,shop_slot_market_v9,shop_slot_market_v9,basic,,trace_only,none,none,none,none,8,3,1.0,1.0,1.0,1.0,1.0,1.0,1.0,1.0,1.0,1.0,1.0,1,9,0.6333333333333333,"{""S1 big"":4,""S2 boss"":1,""S3 boss"":4,""S1 small"":3,""S3 big"":1,""S6 small"":1,""S8 big"":3,""S1 boss"":9,""S4 small"":1,""S8 boss"":5,""S2 big"":1,""S8 small"":2,""S2 small"":1,""S3 small"":2,""S4 boss"":2,""S7 boss"":1,""S6 big"":2,""S5 small"":1}","{""boardFullAfterDcExhausted"":33,""drawPileExhausted,boardFullAfterDcExhausted"":1,""drawPileExhausted"":10}"
logs/sim/ml_actual_target_grid_v1_r80_summary.json,,base_score_curve_v2_boss_constraint_pool_v4_s1_soft_v2_late_guard_v1_s1_resource_weighted_boss_v3_late_boss_068,progression_route_balanced,path,standard,none,none,basic,,trace_only,none,none,none,none,8,3,1.0,1.0,1.0,1.0,0.98,1.0,1.0,1.0,1.0,1.0,1.0,0,0,0.55,"{""S3 big"":4,""S7 boss"":2,""S5 big"":2,""S2 small"":2,""S4 boss"":3,""S8 small"":1,""S4 big"":5,""S4 small"":2,""S1 boss"":5,""S2 boss"":3,""S8 boss"":2,""S7 small"":1,""S1 small"":1,""S3 boss"":1,""S8 big"":1,""S5 boss"":1}","{""boardFullAfterDcExhausted"":27,""drawPileExhausted"":9}"
logs/sim/ml_actual_target_grid_v1_r80_summary.json,,base_score_curve_v2_boss_constraint_pool_v4_s1_soft_v2_late_guard_v1_s1_resource_weighted_boss_v3_late_boss_068,progression_route_power,path,standard,none,none,basic,,trace_only,none,none,none,none,8,3,1.0,1.0,1.0,1.0,0.98,1.0,1.0,1.0,1.0,1.0,1.0,0,0,0.6375,"{""S8 boss"":6,""S4 small"":2,""S7 boss"":2,""S1 big"":4,""S1 small"":2,""S2 boss"":2,""S8 big"":1,""S6 boss"":2,""S3 boss"":1,""S8 small"":1,""S4 boss"":3,""S3 big"":1,""S1 boss"":2}","{""drawPileExhausted"":10,""boardFullAfterDcExhausted"":19}"
logs/sim/ml_actual_target_grid_v1_r80_summary.json,,base_score_curve_v2_boss_constraint_pool_v4_s1_soft_v2_late_guard_v1_s1_resource_weighted_boss_v3_late_boss_068,progression_route_balanced,path,standard,shop_slot_market_v9,shop_slot_market_v9,basic,,trace_only,none,none,none,none,8,3,1.0,1.0,1.0,1.0,0.98,1.0,1.0,1.0,1.0,1.0,1.0,1,9,0.6375,"{""S4 boss"":2,""S8 boss"":3,""S3 small"":3,""S5 small"":1,""S4 big"":2,""S1 big"":3,""S6 small"":1,""S5 big"":1,""S5 boss"":4,""S1 boss"":4,""S8 small"":1,""S8 big"":2,""S1 small"":2}","{""boardFullAfterDcExhausted"":20,""drawPileExhausted"":9}"
logs/sim/ml_actual_target_grid_v1_r80_summary.json,,base_score_curve_v2_boss_constraint_pool_v4_s1_soft_v2_late_guard_v1_s1_resource_weighted_boss_v3_late_boss_068,progression_route_power,path,standard,shop_slot_market_v9,shop_slot_market_v9,basic,,trace_only,none,none,none,none,8,3,1.0,1.0,1.0,1.0,0.98,1.0,1.0,1.0,1.0,1.0,1.0,1,9,0.775,"{""S3 big"":2,""S1 boss"":2,""S5 big"":1,""S3 boss"":2,""S1 big"":1,""S2 big"":1,""S8 boss"":2,""S4 big"":2,""S3 small"":1,""S8 small"":3,""S2 small"":1}","{""boardFullAfterDcExhausted"":17,""drawPileExhausted"":1}"
logs/sim/ml_actual_target_grid_v1_r80_summary.json,,base_score_curve_v2_boss_constraint_pool_v4_s1_soft_v2_late_guard_v1_s1_resource_weighted_boss_v3_late_boss_068,progression_route_balanced,path,standard,none,none,basic,,trace_only,none,none,none,none,8,3,1.0,1.0,1.0,1.0,1.0,1.0,1.0,1.0,1.0,1.0,1.0,0,0,0.625,"{""S8 boss"":5,""S1 small"":1,""S8 small"":1,""S1 big"":3,""S1 boss"":2,""S8 big"":3,""S4 big"":5,""S5 boss"":1,""S4 boss"":1,""S4 small"":2,""S3 boss"":1,""S3 small"":1,""S5 big"":2,""S3 big"":2}","{""drawPileExhausted"":10,""boardFullAfterDcExhausted"":19,""drawPileExhausted,boardFullAfterDcExhausted"":1}"
logs/sim/ml_actual_target_grid_v1_r80_summary.json,,base_score_curve_v2_boss_constraint_pool_v4_s1_soft_v2_late_guard_v1_s1_resource_weighted_boss_v3_late_boss_068,progression_route_power,path,standard,none,none,basic,,trace_only,none,none,none,none,8,3,1.0,1.0,1.0,1.0,1.0,1.0,1.0,1.0,1.0,1.0,1.0,0,0,0.7375,"{""S2 big"":2,""S4 small"":1,""S8 small"":1,""S7 boss"":3,""S7 big"":2,""S8 big"":2,""S3 big"":1,""S1 boss"":1,""S8 boss"":2,""S1 big"":1,""S6 boss"":1,""S6 big"":1,""S4 big"":1,""S5 big"":1,""S2 boss"":1}","{""boardFullAfterDcExhausted"":17,""drawPileExhausted"":4}"
logs/sim/ml_actual_target_grid_v1_r80_summary.json,,base_score_curve_v2_boss_constraint_pool_v4_s1_soft_v2_late_guard_v1_s1_resource_weighted_boss_v3_late_boss_068,progression_route_balanced,path,standard,shop_slot_market_v9,shop_slot_market_v9,basic,,trace_only,none,none,none,none,8,3,1.0,1.0,1.0,1.0,1.0,1.0,1.0,1.0,1.0,1.0,1.0,1,9,0.5125,"{""S5 boss"":6,""S8 boss"":4,""S1 big"":4,""S7 boss"":3,""S1 boss"":6,""S1 small"":1,""S2 boss"":1,""S5 small"":1,""S2 small"":1,""S3 big"":4,""S2 big"":1,""S3 small"":1,""S4 big"":1,""S6 boss"":1,""S6 small"":1,""S8 big"":1,""S5 big"":1,""S3 boss"":1}","{""drawPileExhausted"":7,""boardFullAfterDcExhausted"":32}"
logs/sim/ml_actual_target_grid_v1_r80_summary.json,,base_score_curve_v2_boss_constraint_pool_v4_s1_soft_v2_late_guard_v1_s1_resource_weighted_boss_v3_late_boss_068,progression_route_power,path,standard,shop_slot_market_v9,shop_slot_market_v9,basic,,trace_only,none,none,none,none,8,3,1.0,1.0,1.0,1.0,1.0,1.0,1.0,1.0,1.0,1.0,1.0,1,9,0.7125,"{""S2 boss"":2,""S3 big"":3,""S8 big"":2,""S8 boss"":3,""S6 big"":1,""S3 boss"":2,""S4 big"":3,""S8 small"":1,""S7 big"":2,""S1 boss"":1,""S2 big"":2,""S1 big"":1}","{""boardFullAfterDcExhausted"":19,""drawPileExhausted"":4}"
logs/sim/ml_actual_target_grid_v1_r80_summary.json,,base_score_curve_v2_boss_constraint_pool_v4_s1_soft_v2_late_guard_v1_s1_resource_weighted_boss_v3_late_boss_068,progression_route_balanced,path,standard,none,none,basic,,trace_only,none,none,none,none,8,3,1.0,1.0,1.0,1.0,1.02,1.0,1.0,1.0,1.0,1.0,1.0,0,0,0.65,"{""S3 boss"":2,""S8 boss"":5,""S1 small"":1,""S2 boss"":2,""S4 boss"":4,""S1 boss"":4,""S5 big"":1,""S3 small"":2,""S3 big"":1,""S7 big"":1,""S2 small"":1,""S1 big"":2,""S8 big"":1,""S4 big"":1}","{""boardFullAfterDcExhausted"":16,""drawPileExhausted"":12}"
logs/sim/ml_actual_target_grid_v1_r80_summary.json,,base_score_curve_v2_boss_constraint_pool_v4_s1_soft_v2_late_guard_v1_s1_resource_weighted_boss_v3_late_boss_068,progression_route_power,path,standard,none,none,basic,,trace_only,none,none,none,none,8,3,1.0,1.0,1.0,1.0,1.02,1.0,1.0,1.0,1.0,1.0,1.0,0,0,0.6125,"{""S6 big"":2,""S8 boss"":4,""S8 big"":2,""S3 boss"":4,""S8 small"":2,""S1 boss"":4,""S7 small"":2,""S4 big"":2,""S2 big"":1,""S3 big"":1,""S5 boss"":1,""S2 boss"":2,""S4 boss"":1,""S2 small"":1,""S7 boss"":1,""S1 big"":1}","{""boardFullAfterDcExhausted"":21,""drawPileExhausted"":10}"
logs/sim/ml_actual_target_grid_v1_r80_summary.json,,base_score_curve_v2_boss_constraint_pool_v4_s1_soft_v2_late_guard_v1_s1_resource_weighted_boss_v3_late_boss_068,progression_route_balanced,path,standard,shop_slot_market_v9,shop_slot_market_v9,basic,,trace_only,none,none,none,none,8,3,1.0,1.0,1.0,1.0,1.02,1.0,1.0,1.0,1.0,1.0,1.0,1,9,0.7125,"{""S8 boss"":4,""S1 big"":2,""S5 boss"":1,""S4 small"":1,""S4 big"":3,""S5 big"":2,""S1 small"":3,""S1 boss"":3,""S2 big"":1,""S3 big"":1,""S7 boss"":1,""S7 small"":1}","{""drawPileExhausted"":6,""boardFullAfterDcExhausted"":17}"
logs/sim/ml_actual_target_grid_v1_r80_summary.json,,base_score_curve_v2_boss_constraint_pool_v4_s1_soft_v2_late_guard_v1_s1_resource_weighted_boss_v3_late_boss_068,progression_route_power,path,standard,shop_slot_market_v9,shop_slot_market_v9,basic,,trace_only,none,none,none,none,8,3,1.0,1.0,1.0,1.0,1.02,1.0,1.0,1.0,1.0,1.0,1.0,1,9,0.675,"{""S5 big"":1,""S6 boss"":2,""S2 boss"":1,""S8 boss"":2,""S7 boss"":5,""S8 big"":3,""S6 big"":1,""S5 boss"":1,""S4 big"":1,""S1 boss"":2,""S7 small"":1,""S2 small"":2,""S7 big"":1,""S4 boss"":2,""S1 big"":1}","{""boardFullAfterDcExhausted"":20,""drawPileExhausted"":5,""drawPileExhausted,boardFullAfterDcExhausted"":1}"
logs/sim/ml_actual_economy_r040_p220_v1_r80_summary.json,,base_score_curve_v2_boss_constraint_pool_v4_s1_soft_v2_late_guard_v1_s1_resource_weighted_boss_v3_late_boss_068,progression_route_balanced,path,standard,none,none,basic,,gated_known_cost,none,reroll_slot_sell_v1,catalog_normalized_v1,affordable_alternative_v1,8,3,1.0,1.0,1.0,1.0,1.0,1.0,1.0,1.0,1.0,0.4,2.2,0,0,0.55,"{""S4 boss"":6,""S1 small"":1,""S7 boss"":3,""S8 boss"":3,""S1 big"":3,""S5 big"":1,""S3 big"":3,""S8 big"":2,""S5 boss"":4,""S7 big"":1,""S2 big"":2,""S2 boss"":4,""S3 boss"":1,""S4 small"":1,""S4 big"":1}","{""drawPileExhausted"":12,""boardFullAfterDcExhausted"":23,""drawPileExhausted,boardFullAfterDcExhausted"":1}"
logs/sim/ml_actual_economy_r040_p220_v1_r80_summary.json,,base_score_curve_v2_boss_constraint_pool_v4_s1_soft_v2_late_guard_v1_s1_resource_weighted_boss_v3_late_boss_068,progression_route_power,path,standard,none,none,basic,,gated_known_cost,none,reroll_slot_sell_v1,catalog_normalized_v1,affordable_alternative_v1,8,3,1.0,1.0,1.0,1.0,1.0,1.0,1.0,1.0,1.0,0.4,2.2,0,0,0.65,"{""S1 small"":4,""S8 boss"":4,""S3 small"":1,""S7 boss"":2,""S1 big"":2,""S1 boss"":3,""S2 big"":2,""S3 boss"":1,""S3 big"":1,""S8 big"":1,""S4 boss"":2,""S5 boss"":1,""S8 small"":1,""S4 small"":1,""S5 big"":1,""S2 boss"":1}","{""boardFullAfterDcExhausted"":22,""drawPileExhausted"":5,""drawPileExhausted,boardFullAfterDcExhausted"":1}"
logs/sim/ml_actual_economy_r040_p220_v1_r80_summary.json,,base_score_curve_v2_boss_constraint_pool_v4_s1_soft_v2_late_guard_v1_s1_resource_weighted_boss_v3_late_boss_068,progression_route_balanced,path,standard,shop_slot_market_v9,shop_slot_market_v9,basic,,gated_known_cost,none,reroll_slot_sell_v1,catalog_normalized_v1,affordable_alternative_v1,8,3,1.0,1.0,1.0,1.0,1.0,1.0,1.0,1.0,1.0,0.4,2.2,1,9,0.525,"{""S1 big"":4,""S8 boss"":6,""S2 small"":2,""S1 boss"":5,""S4 big"":1,""S8 big"":5,""S3 boss"":1,""S2 big"":1,""S6 big"":1,""S7 big"":1,""S4 boss"":3,""S5 small"":2,""S2 boss"":2,""S5 boss"":1,""S1 small"":1,""S4 small"":2}","{""boardFullAfterDcExhausted"":25,""drawPileExhausted"":13}"
logs/sim/ml_actual_economy_r040_p220_v1_r80_summary.json,,base_score_curve_v2_boss_constraint_pool_v4_s1_soft_v2_late_guard_v1_s1_resource_weighted_boss_v3_late_boss_068,progression_route_power,path,standard,shop_slot_market_v9,shop_slot_market_v9,basic,,gated_known_cost,none,reroll_slot_sell_v1,catalog_normalized_v1,affordable_alternative_v1,8,3,1.0,1.0,1.0,1.0,1.0,1.0,1.0,1.0,1.0,0.4,2.2,1,9,0.7125,"{""S7 boss"":2,""S3 boss"":2,""S1 boss"":1,""S8 boss"":5,""S6 boss"":1,""S7 big"":2,""S4 big"":3,""S8 big"":3,""S2 boss"":1,""S1 big"":1,""S8 small"":1,""S3 small"":1}","{""boardFullAfterDcExhausted"":12,""drawPileExhausted"":11}"
logs/sim/ml_actual_economy_r040_p240_v1_r80_summary.json,,base_score_curve_v2_boss_constraint_pool_v4_s1_soft_v2_late_guard_v1_s1_resource_weighted_boss_v3_late_boss_068,progression_route_balanced,path,standard,none,none,basic,,gated_known_cost,none,reroll_slot_sell_v1,catalog_normalized_v1,affordable_alternative_v1,8,3,1.0,1.0,1.0,1.0,1.0,1.0,1.0,1.0,1.0,0.4,2.4,0,0,0.5875,"{""S1 boss"":2,""S4 boss"":4,""S4 big"":3,""S8 small"":1,""S5 boss"":3,""S1 small"":1,""S8 boss"":4,""S7 small"":1,""S2 big"":3,""S3 big"":1,""S5 big"":2,""S6 boss"":1,""S3 small"":2,""S2 boss"":1,""S2 small"":1,""S7 big"":1,""S1 big"":1,""S8 big"":1}","{""drawPileExhausted"":8,""boardFullAfterDcExhausted"":25}"
logs/sim/ml_actual_economy_r040_p240_v1_r80_summary.json,,base_score_curve_v2_boss_constraint_pool_v4_s1_soft_v2_late_guard_v1_s1_resource_weighted_boss_v3_late_boss_068,progression_route_power,path,standard,none,none,basic,,gated_known_cost,none,reroll_slot_sell_v1,catalog_normalized_v1,affordable_alternative_v1,8,3,1.0,1.0,1.0,1.0,1.0,1.0,1.0,1.0,1.0,0.4,2.4,0,0,0.6625,"{""S1 small"":1,""S3 boss"":1,""S1 big"":1,""S2 small"":2,""S3 big"":1,""S2 boss"":2,""S1 boss"":1,""S8 small"":1,""S4 boss"":2,""S4 big"":2,""S8 boss"":3,""S8 big"":4,""S5 big"":1,""S5 small"":1,""S2 big"":1,""S7 small"":1,""S6 boss"":1,""S7 big"":1}","{""boardFullAfterDcExhausted"":20,""drawPileExhausted"":5,""drawPileExhausted,boardFullAfterDcExhausted"":2}"
logs/sim/ml_actual_economy_r040_p240_v1_r80_summary.json,,base_score_curve_v2_boss_constraint_pool_v4_s1_soft_v2_late_guard_v1_s1_resource_weighted_boss_v3_late_boss_068,progression_route_balanced,path,standard,shop_slot_market_v9,shop_slot_market_v9,basic,,gated_known_cost,none,reroll_slot_sell_v1,catalog_normalized_v1,affordable_alternative_v1,8,3,1.0,1.0,1.0,1.0,1.0,1.0,1.0,1.0,1.0,0.4,2.4,1,9,0.5375,"{""S1 small"":4,""S2 boss"":5,""S6 boss"":1,""S8 boss"":8,""S7 boss"":3,""S4 big"":3,""S2 big"":2,""S1 big"":2,""S4 boss"":3,""S1 boss"":2,""S5 boss"":1,""S8 small"":1,""S5 big"":1,""S3 small"":1}","{""boardFullAfterDcExhausted"":24,""drawPileExhausted"":12,""drawPileExhausted,boardFullAfterDcExhausted"":1}"
logs/sim/ml_actual_economy_r040_p240_v1_r80_summary.json,,base_score_curve_v2_boss_constraint_pool_v4_s1_soft_v2_late_guard_v1_s1_resource_weighted_boss_v3_late_boss_068,progression_route_power,path,standard,shop_slot_market_v9,shop_slot_market_v9,basic,,gated_known_cost,none,reroll_slot_sell_v1,catalog_normalized_v1,affordable_alternative_v1,8,3,1.0,1.0,1.0,1.0,1.0,1.0,1.0,1.0,1.0,0.4,2.4,1,9,0.75,"{""S3 big"":2,""S8 boss"":2,""S1 big"":2,""S7 small"":1,""S1 boss"":3,""S4 big"":1,""S2 boss"":2,""S3 boss"":1,""S1 small"":1,""S4 small"":2,""S8 big"":2,""S4 boss"":1}","{""boardFullAfterDcExhausted"":12,""drawPileExhausted"":8}"
logs/sim/boss_expansion_confirm_limit_v1_r400_summary.json,,base_score_curve_v2_boss_constraint_pool_v4_s1_soft_v2_late_guard_v1_s1_resource_weighted_boss_v3_late_boss_068_boss_expansion_confirm_limit_probe_v1,progression_route_balanced,path,standard,none,none,basic,,trace_only,none,none,none,none,8,3,1.0,1.0,1.0,1.0,1.0,1.0,1.0,1.0,1.0,1.0,1.0,0,0,0.5075,"{""S1 boss"":24,""S7 big"":5,""S2 small"":2,""S4 boss"":23,""S8 boss"":29,""S7 small"":3,""S4 small"":6,""S5 big"":11,""S3 small"":7,""S4 big"":11,""S8 big"":10,""S1 small"":10,""S1 big"":10,""S2 boss"":8,""S3 boss"":6,""S3 big"":7,""S8 small"":2,""S5 boss"":12,""S6 big"":4,""S2 big"":3,""S5 small"":3,""S6 small"":1}","{""boardFullAfterDcExhausted"":120,""drawPileExhausted"":74,""drawPileExhausted,boardFullAfterDcExhausted"":3}"
logs/sim/boss_expansion_confirm_limit_v1_r400_summary.json,,base_score_curve_v2_boss_constraint_pool_v4_s1_soft_v2_late_guard_v1_s1_resource_weighted_boss_v3_late_boss_068_boss_expansion_confirm_limit_probe_v1,progression_route_power,path,standard,none,none,basic,,trace_only,none,none,none,none,8,3,1.0,1.0,1.0,1.0,1.0,1.0,1.0,1.0,1.0,1.0,1.0,0,0,0.635,"{""S8 boss"":37,""S1 boss"":16,""S3 boss"":10,""S6 small"":3,""S4 boss"":8,""S6 boss"":9,""S4 big"":9,""S2 small"":5,""S8 big"":9,""S3 small"":4,""S4 small"":2,""S7 big"":3,""S2 big"":6,""S2 boss"":5,""S5 boss"":2,""S1 big"":3,""S7 boss"":3,""S3 big"":5,""S1 small"":3,""S5 big"":2,""S6 big"":1,""S7 small"":1}","{""drawPileExhausted"":47,""boardFullAfterDcExhausted"":99}"
logs/sim/boss_expansion_confirm_limit_v1_r400_summary.json,,base_score_curve_v2_boss_constraint_pool_v4_s1_soft_v2_late_guard_v1_s1_resource_weighted_boss_v3_late_boss_068_boss_expansion_confirm_limit_probe_v1,progression_route_balanced,path,standard,shop_slot_market_v9,shop_slot_market_v9,basic,,trace_only,none,none,none,none,8,3,1.0,1.0,1.0,1.0,1.0,1.0,1.0,1.0,1.0,1.0,1.0,1,9,0.6875,"{""S6 big"":2,""S4 boss"":10,""S5 boss"":10,""S1 boss"":16,""S3 small"":4,""S8 small"":3,""S1 big"":8,""S8 big"":6,""S3 big"":4,""S2 boss"":8,""S6 boss"":3,""S8 boss"":7,""S4 big"":7,""S1 small"":4,""S2 big"":7,""S3 boss"":9,""S5 big"":3,""S4 small"":2,""S5 small"":5,""S7 big"":2,""S2 small"":1,""S6 small"":1,""S7 boss"":3}","{""boardFullAfterDcExhausted"":101,""drawPileExhausted,boardFullAfterDcExhausted"":2,""drawPileExhausted"":22}"
logs/sim/boss_expansion_confirm_limit_v1_r400_summary.json,,base_score_curve_v2_boss_constraint_pool_v4_s1_soft_v2_late_guard_v1_s1_resource_weighted_boss_v3_late_boss_068_boss_expansion_confirm_limit_probe_v1,progression_route_power,path,standard,shop_slot_market_v9,shop_slot_market_v9,basic,,trace_only,none,none,none,none,8,3,1.0,1.0,1.0,1.0,1.0,1.0,1.0,1.0,1.0,1.0,1.0,1,9,0.69,"{""S1 boss"":14,""S7 boss"":2,""S7 big"":10,""S1 big"":11,""S3 small"":3,""S4 big"":4,""S3 big"":7,""S8 boss"":18,""S8 big"":6,""S2 boss"":8,""S2 small"":5,""S1 small"":7,""S5 boss"":1,""S6 small"":1,""S7 small"":1,""S6 boss"":6,""S3 boss"":6,""S2 big"":7,""S8 small"":1,""S5 big"":1,""S5 small"":2,""S4 boss"":3}","{""drawPileExhausted"":25,""boardFullAfterDcExhausted"":98,""drawPileExhausted,boardFullAfterDcExhausted"":1}"
logs/sim/post_lane_reroll_economy_current_boss_r400_summary.json,,,progression_route_balanced,path,standard,none,none,basic,,trace_only,none,none,none,none,8,3,1.0,1.0,1.0,1.0,1.0,1.0,1.0,1.0,1.0,1.0,1.0,0,0,0.5,"{""S3 small"":6,""S1 boss"":13,""S4 big"":9,""S4 boss"":23,""S5 boss"":24,""S6 big"":3,""S8 boss"":25,""S3 boss"":11,""S5 small"":3,""S1 big"":10,""S8 small"":5,""S1 small"":10,""S2 big"":7,""S4 small"":3,""S3 big"":9,""S5 big"":6,""S8 big"":4,""S7 boss"":8,""S2 small"":6,""S2 boss"":4,""S7 big"":7,""S7 small"":3,""S6 boss"":1}","{""boardFullAfterDcExhausted"":123,""drawPileExhausted"":70,""drawPileExhausted,boardFullAfterDcExhausted"":7}"
logs/sim/post_lane_reroll_economy_current_boss_r400_summary.json,,,progression_route_power,path,standard,none,none,basic,,trace_only,none,none,none,none,8,3,1.0,1.0,1.0,1.0,1.0,1.0,1.0,1.0,1.0,1.0,1.0,0,0,0.6425,"{""S8 boss"":22,""S6 small"":2,""S1 big"":5,""S2 boss"":9,""S7 small"":3,""S1 small"":9,""S7 boss"":7,""S3 boss"":9,""S3 big"":4,""S2 small"":4,""S3 small"":7,""S5 big"":4,""S8 big"":12,""S8 small"":3,""S1 boss"":13,""S4 boss"":5,""S6 big"":2,""S7 big"":3,""S2 big"":4,""S4 big"":7,""S5 boss"":3,""S6 boss"":4,""S4 small"":2}","{""boardFullAfterDcExhausted"":111,""drawPileExhausted"":31,""drawPileExhausted,boardFullAfterDcExhausted"":1}"
logs/sim/post_lane_reroll_economy_current_boss_r400_summary.json,,,progression_route_balanced,path,standard,shop_slot_market_v9,shop_slot_market_v9,basic,,trace_only,none,none,none,none,8,3,1.0,1.0,1.0,1.0,1.0,1.0,1.0,1.0,1.0,1.0,1.0,1,9,0.57,"{""S8 big"":12,""S1 small"":7,""S4 big"":8,""S4 boss"":13,""S8 boss"":20,""S4 small"":5,""S1 boss"":17,""S2 small"":3,""S7 boss"":3,""S2 big"":7,""S3 small"":6,""S3 boss"":13,""S7 small"":2,""S5 boss"":18,""S5 small"":1,""S7 big"":3,""S1 big"":6,""S5 big"":7,""S8 small"":3,""S3 big"":12,""S6 boss"":1,""S2 boss"":5}","{""boardFullAfterDcExhausted"":112,""drawPileExhausted"":59,""drawPileExhausted,boardFullAfterDcExhausted"":1}"
logs/sim/post_lane_reroll_economy_current_boss_r400_summary.json,,,progression_route_power,path,standard,shop_slot_market_v9,shop_slot_market_v9,basic,,trace_only,none,none,none,none,8,3,1.0,1.0,1.0,1.0,1.0,1.0,1.0,1.0,1.0,1.0,1.0,1,9,0.635,"{""S8 boss"":27,""S2 boss"":6,""S1 big"":7,""S3 big"":7,""S2 big"":6,""S1 boss"":11,""S8 big"":15,""S7 small"":4,""S4 boss"":4,""S1 small"":10,""S8 small"":5,""S7 boss"":10,""S2 small"":2,""S3 boss"":7,""S6 small"":3,""S3 small"":4,""S6 boss"":3,""S4 big"":2,""S7 big"":5,""S4 small"":3,""S6 big"":1,""S5 small"":2,""S5 boss"":2}","{""drawPileExhausted"":47,""boardFullAfterDcExhausted"":95,""drawPileExhausted,boardFullAfterDcExhausted"":4}"
logs/sim/post_lane_reroll_economy_expanded_boss_confirm_limit_r400_summary.json,,,progression_route_balanced,path,standard,none,none,basic,,trace_only,none,none,none,none,8,3,1.0,1.0,1.0,1.0,1.0,1.0,1.0,1.0,1.0,1.0,1.0,0,0,0.4975,"{""S8 boss"":29,""S7 big"":4,""S5 big"":9,""S4 big"":12,""S1 boss"":23,""S6 boss"":4,""S5 boss"":20,""S2 small"":9,""S4 boss"":15,""S3 boss"":13,""S3 big"":6,""S2 big"":4,""S6 big"":3,""S8 big"":9,""S2 boss"":8,""S7 boss"":2,""S4 small"":6,""S7 small"":3,""S1 big"":5,""S6 small"":1,""S1 small"":5,""S5 small"":6,""S8 small"":2,""S3 small"":3}","{""boardFullAfterDcExhausted"":125,""drawPileExhausted,boardFullAfterDcExhausted"":2,""drawPileExhausted"":74}"
logs/sim/post_lane_reroll_economy_expanded_boss_confirm_limit_r400_summary.json,,,progression_route_power,path,standard,none,none,basic,,trace_only,none,none,none,none,8,3,1.0,1.0,1.0,1.0,1.0,1.0,1.0,1.0,1.0,1.0,1.0,0,0,0.59,"{""S2 small"":5,""S8 big"":11,""S1 boss"":17,""S1 small"":5,""S4 boss"":9,""S3 small"":2,""S8 boss"":41,""S1 big"":7,""S5 small"":2,""S3 boss"":6,""S5 boss"":2,""S7 big"":5,""S7 small"":4,""S2 boss"":7,""S4 big"":11,""S6 boss"":4,""S3 big"":5,""S4 small"":3,""S2 big"":8,""S7 boss"":3,""S8 small"":6,""S6 big"":1}","{""boardFullAfterDcExhausted"":103,""drawPileExhausted"":60,""drawPileExhausted,boardFullAfterDcExhausted"":1}"
logs/sim/post_lane_reroll_economy_expanded_boss_confirm_limit_r400_summary.json,,,progression_route_balanced,path,standard,shop_slot_market_v9,shop_slot_market_v9,basic,,trace_only,none,none,none,none,8,3,1.0,1.0,1.0,1.0,1.0,1.0,1.0,1.0,1.0,1.0,1.0,1,9,0.56,"{""S1 boss"":26,""S5 boss"":14,""S8 boss"":35,""S1 big"":10,""S4 big"":5,""S4 small"":4,""S4 boss"":14,""S5 big"":6,""S3 big"":6,""S3 boss"":7,""S8 small"":7,""S1 small"":5,""S8 big"":10,""S6 boss"":8,""S5 small"":2,""S2 big"":4,""S2 boss"":4,""S7 boss"":4,""S3 small"":3,""S6 big"":1,""S7 big"":1}","{""boardFullAfterDcExhausted"":94,""drawPileExhausted"":81,""drawPileExhausted,boardFullAfterDcExhausted"":1}"
logs/sim/post_lane_reroll_economy_expanded_boss_confirm_limit_r400_summary.json,,,progression_route_power,path,standard,shop_slot_market_v9,shop_slot_market_v9,basic,,trace_only,none,none,none,none,8,3,1.0,1.0,1.0,1.0,1.0,1.0,1.0,1.0,1.0,1.0,1.0,1,9,0.5875,"{""S8 big"":7,""S8 boss"":35,""S7 boss"":4,""S1 big"":13,""S1 boss"":35,""S8 small"":3,""S1 small"":9,""S4 big"":6,""S7 big"":9,""S4 boss"":6,""S6 boss"":4,""S3 big"":6,""S2 boss"":6,""S2 big"":6,""S7 small"":4,""S5 big"":2,""S3 boss"":2,""S3 small"":3,""S6 big"":1,""S2 small"":2,""S4 small"":2}","{""drawPileExhausted"":59,""boardFullAfterDcExhausted"":103,""drawPileExhausted,boardFullAfterDcExhausted"":3}"
